ID;Nov;Dec;Jan;Feb;Mar;Apr;May;Jun;Jul;Aug;Sep;Oct
1;138,1500284;95,58674533;87,912;139,93;106,52;170,01;27,013;70,72;67,424;71,333;105,53;84,58
2;215,9231009;141,662859;87,86;139,68;101,22;170,41;43,133;103,44;74,246;81,301;66,018;81,65
3;0;116,528194;117,81;117,99;115,7;136,87;58,536;108,8;100,94;111,03;62,711;94,893
4;157,6203992;54,65526805;143,25;105,16;144,85;96,353;77,288;109,78;127,85;123,78;80,271;82,843
5;125,0159144;2,579598006;120,28;125,06;127,93;81,439;86,985;118,2;101,55;101,87;86,205;43,229
6;27,42870222;175,6507384;120,43;131,15;135,85;92,542;72,55;141,43;85,569;97,863;71,486;17,859
7;79,87447866;208,692393;139,82;158,99;160,96;53,999;33,256;132,92;100,63;97,088;52,689;20,246
8;126,447468;100,6380336;151,31;136,91;193,35;27,265;59,43;142,85;108,67;107,3;60,204;38,743
9;320,5938164;38,45551016;141,94;115,63;187,35;34,849;79,268;152,83;112,09;123,4;61,427;70,045
10;272,0562218;160,9652026;145,11;111,76;190,04;42,053;84,218;154,87;113,2;126,42;61,098;89,058
11;24,89678359;60,70125178;148,25;121,28;181,75;47,238;113,39;123,56;129,1;112,46;101,15;96,665
12;287,985408;67,58067566;162,97;139,13;118,16;8,9112;120,2;95,258;136,41;97,174;106,79;104,54
13;149,4142535;143,5271331;157,52;150,02;82,466;15,78;87,705;84,04;137,22;68,981;120,38;150,51
14;102,1067076;16,31769114;122,53;148,26;83,074;37,969;89,641;76,06;155,81;78,601;114,44;159,79
15;148,7745742;0;113,16;133,09;95,972;38,451;102,28;42,659;150,26;99,956;116,58;153,66
16;93,5920365;117,4482872;108,46;100,59;119,16;36,501;88,202;36,874;122,64;101,19;154,68;154,35
17;98,44133911;116,3313279;70,293;96,827;140,06;45,727;94,432;50,816;139,62;97,973;175,51;141,19
18;195,2718565;99,21796084;37,522;94,191;150,59;89,968;117,45;62,38;164,98;116,08;152,64;122,61
19;190,4320694;121,7043259;43,758;111,39;156,16;99,138;127,47;48,423;176,78;148,88;140,59;119,83
20;190,9215448;154,4954734;49,98;111,29;186,32;111,66;146,17;67,087;186,07;135,39;123,63;107,42
21;146,179828;148,2350761;16,139;102,24;177,87;141,72;196,65;80,78;191,96;90,705;94,215;97,484
22;33,44078464;62,05010406;20,701;94,88;146,94;164,95;192,8;75,81;197,86;84,929;70,555;103,35
23;148,9243191;139,2484361;76,813;110,57;139,57;197,96;188,95;81,401;174,88;90,41;44,575;115,89
24;203,7041173;103,5918528;99,898;117,15;163,4;195,03;170,62;93,235;184,24;96,066;37,079;134,67
25;135,2236262;65,57961616;75,71;164,03;158,48;152,97;150,04;102,55;185,7;100,11;62,825;175,31
26;167,9715806;27,06487571;45,39;193,31;144,93;139,5;118,05;105;185,7;93,274;38,865;179,06
27;149,503108;130,1203726;17,73;152,99;123,22;145,87;83,23;64,319;185,7;84,686;22,382;134,35
28;87,68354451;74,08713444;24,673;126,12;121,58;115,15;80,411;20,886;185,7;75,654;22,382;128,66
29;123,522288;96,49033349;23,88;131,57;118,88;75,328;114,23;24,728;185,7;106,02;5,8988;150,15
30;58,65303177;49,48493988;19,729;144,48;85,408;50,111;113,83;29,36;187,17;84,818;0,7471;161,82
31;159,1937379;7,061189412;19,729;146,5;76,111;77,634;105,56;8,8533;154,82;61,682;3,0749;152,75
32;37,06579358;103,4988359;19,729;133,46;114,46;122,92;92,116;13,328;113,16;59,757;11,675;103,38
33;41,75777251;90,41020901;19,729;121,56;153,09;122,54;41,833;42,337;76,509;57,814;20,275;111,25
34;57,32007833;161,0355611;15,577;127,18;181,96;92,644;17,913;63,269;53,801;62,829;56,256;143,36
35;0;138,7854279;46,464;147,94;194,5;72,522;35,06;57,77;38,445;60,953;69,928;173,98
36;192,1928176;152,8750564;55,214;129,28;193,35;74,78;63,644;75,038;30,134;63,174;77,015;183,21
37;125,4014324;51,95290186;68,238;133,3;192,2;93,11;90,912;58,305;26,581;78,674;89,754;192,44
38;60,59430085;41,45571616;109,25;150,79;166,11;87,735;90,507;58,375;20,704;77,727;90,265;187,93
39;188,1079124;22,82114072;143,39;178,29;147,95;79,582;71,244;73,89;34,08;48,159;58;160,68
40;3,199014869;121,7769149;190,84;187,77;143,16;95,338;74,687;76,54;52,881;28,329;51,935;125,34
41;99,75545323;250,0785431;192,15;162,48;148,32;130,07;104,55;80,753;59,604;34,019;46,436;98,08
42;91,4031775;134,6340341;192,15;150,96;142,89;163,71;116,33;134,15;95,864;47,719;47,258;72,351
43;125,0424043;50,59841028;193,46;143,68;133,94;184,92;95,846;184,61;78,741;31,074;58,988;70,3
44;124,6615158;140,7414903;185,7;122,89;132,34;184,49;107,32;188,78;85,385;22,511;63,307;73,481
45;53,99720496;30,70350264;185,15;107,17;96,608;176,49;129,45;179,41;91,619;30,623;83,343;59,191
46;104,0869222;14,11967488;187,37;118,72;71,688;177,66;116,12;160,62;46,215;60,33;86,037;52,809
47;95,99725885;134,0667697;181,21;118,52;64,113;161,5;118,27;153,09;36,36;70,751;96,717;49,619
48;143,5524373;50,32729087;174,86;112,05;57,906;125,33;136,85;170,53;36,36;42,567;103,63;72,151
49;171,4859401;111,5852093;167,1;128,03;55,958;121,24;153,73;158,77;36,36;46;103,96;55,356
50;172,4463979;172,6559677;174,97;94,228;16,164;136,26;159,49;144,48;36,36;88,998;80,569;33,965
51;54,07083068;116,3529796;188,84;89,15;6,5601;132,88;168,26;165,56;36,36;125,56;77,509;48,112
52;110,5315455;145,9509759;189,12;91,42;31,227;150,05;109,57;173,21;26,505;165,13;72,556;47,728
53;33,04297738;3,965076541;188,1;85,578;24,051;161,99;74,068;181,98;55,462;196,46;55,278;64,503
54;39,07995551;130,9360297;171,8;115,15;25,882;184,71;61,521;180,02;78,385;163,08;57,235;78,974
55;105,4790403;213,6461262;130,01;113,86;35,494;190,48;77,218;178,06;110,08;102,74;43,693;86,838
56;197,8478185;124,1938072;88,104;107,31;86,554;190,48;90,082;119,63;139,59;88,426;58,925;80,318
57;59,71004517;7,600877816;103,46;122,24;150,1;190,48;77,98;82,401;132,58;103,84;70,955;81
58;128,1727288;82,51400349;150,6;133,91;179,43;190,48;51,368;80,687;120,18;100,17;63,264;107,19
59;92,35493586;65,89194758;138,9;151,73;183,18;190,48;61,902;66,322;122,75;58,845;99,725;167,66
60;172,9313683;115,3393391;124,08;109,55;189,35;196,26;80,667;70,725;134,34;38,98;130,57;194,39
61;40,5461423;116,9639812;104,13;90,345;165,24;189,07;80,92;81,722;160,06;39,104;113,09;184,15
62;107,8434478;116,5975828;122,52;73,594;176,69;196,12;75,216;54,152;192,57;70,553;77,52;158,03
63;139,0416213;73,51827795;124,45;110,58;186,48;194,88;73,348;52,778;188,64;89,896;74,3;162,26
64;171,9266131;60,33076576;149,49;137,74;180,02;194,88;81,363;58,807;188,64;85,119;84,714;161,42
65;198,5427137;60,87301648;167,4;133,15;158,7;194,88;87,724;56,597;188,64;91,258;93,658;154,14
66;111,045868;141,6882867;163,87;133,04;136,96;194,88;85,006;51,819;188,64;100,38;89,642;153,61
67;16,39458136;0;180,19;130,18;132,08;194,88;93,793;67,454;188,64;127,83;92,951;144,12
68;61,35188976;82,28102306;181,95;118,17;154,76;193,64;86,092;85,173;188,64;142,6;116,3;148,16
69;42,195096;109,0311794;181,95;118,39;166,64;182,37;100,49;126,53;184,7;126,78;136,36;145,67
70;246,9174334;57,33482332;181,95;123,04;168,2;162,45;95,112;131,24;163,55;111,32;152,76;164,55
71;68,95388711;120,614728;181,95;121,35;184,8;111,36;83,653;109,78;145,18;134,16;159,52;169,7
72;150,774607;89,8960996;181,95;119,91;196,38;101,6;61,481;76,028;174,31;132;128,98;183,59
73;94,34488936;41,34512786;181,95;164,36;178,06;99,011;42,982;48,538;155,15;134,08;125,09;161,97
74;159,2066255;102,9263579;181,95;171,9;175,83;116,23;29,345;25,287;105,92;137,18;109,84;137,99
75;59,99904581;78,87175861;181,95;156,81;131,19;144,05;13,731;3,6227;67,025;102,54;94,449;124,21
76;21,75386184;70,93713173;181,95;151,12;96,849;138,31;33,895;27,763;69,98;55,229;85,092;115,11
77;20,54744449;54,05592821;183,72;158,33;90,047;133,99;9,0698;28,063;81,148;52,445;90,968;128,83
78;135,1816346;97,33094708;199,3;161,41;81,577;118,7;1,7744;15,846;76,816;55,365;102,53;127,52
79;95,2474906;0;188,73;166,91;98,417;81,224;18,447;2,0824;69,268;34,482;85,259;101,27
80;94,12679073;71,58334531;178,16;190,32;116,74;56,064;54,823;25,098;84,732;39,087;94,252;106,08
81;191,048609;63,45130519;146,7;192,93;146,4;38,247;111,41;32,291;109,52;65,198;72,142;68,062
82;123,3850624;42,82368376;139,12;195,53;145,06;40,297;123,69;83,77;123,35;43,93;53,506;64,636
83;117,7586632;130,4411211;139,21;198,29;129,45;37,806;117,61;158,11;147,27;24,407;56,674;113,84
84;201,1519454;52,77080952;155,34;197,03;117,46;33,963;123,49;153,09;180,68;28,4;77,288;132,07
85;57,62204262;124,165453;166,06;158,91;122,11;48,69;125,52;112,6;198,65;54,853;107,21;134,73
86;147,687465;148,5370895;157,45;125,18;116,07;60,49;153,45;89,564;197,66;79,47;164,56;124,68
87;155,9952899;85,10525678;127,6;126,4;69,342;69,566;174,62;83,086;181,04;69,361;167,55;108,08
88;91,26709158;109,446762;114,84;111,75;65,256;77,023;189,7;62,435;177,5;55,602;130,88;106,45
89;118,8302052;129,702969;99,957;104,16;66,491;119,81;178,68;44,689;156;27,223;101,77;109,97
90;35,93936411;89,35523116;111,9;124,16;70,567;151,94;133,07;43,77;136,13;24,929;127,71;144,33
91;37,01283327;124,1787281;108,35;124,56;80,459;149,16;112,15;51,579;113,81;34,329;129,24;167,37
92;112,182483;23,1863687;121,82;105,17;91,938;172,34;106,6;35,165;71,951;38,32;105,12;174,07
93;149,2252419;156,0737351;123,22;90,782;85,653;179,04;106,77;31,536;40,325;58,299;57,972;136,23
94;261,0194752;38,47448997;114,21;77,48;59,532;166,53;127,11;52,582;27,291;45,47;45,705;155,88
95;65,87655976;0;108,59;92,945;21,244;162,72;131,36;66,366;23,72;28,553;51,207;164,4
96;117,1298615;171,4219166;101,51;112,37;16,884;145,77;116,77;71,103;10,75;27,215;63,026;160,08
97;100,9403345;90,37729953;105,78;102,57;16,884;149,97;80,934;46,326;16,379;28,785;103,06;174,46
98;0;119,0295827;90,531;86,22;12,524;164,28;30,641;30,424;7,7724;43,23;106,85;178,27
99;79,55203076;73,54752554;68,31;95,405;10,101;171,73;30,149;47,701;11,802;57,106;121,34;150,4
100;0;36,73732998;65,767;94,048;22,785;171,73;54,285;22,284;15,831;62,268;149,16;124,78
101;156,3125318;0;71,715;70,957;22,785;171,73;67,294;26,891;0,3716;72,045;151,29;102,97
102;52,60807506;128,9616239;93,315;55,721;22,785;171,73;109,18;56,291;4,5366;87,791;142,06;117,72
103;111,89557;77,83566614;105,77;62,219;22,785;171,73;123,39;54,789;34,424;123,48;123,73;137,41
104;73,2182642;82,83879722;53,314;82,037;35,47;171,73;141,84;73,56;63,426;165,01;126,36;131,37
105;124,1012477;116,6039009;33,465;101,76;67,095;171,73;159,98;98,53;111,7;139,46;127,59;130,72
106;69,87040627;14,40648621;28,421;69,889;33,018;179,18;167,68;97,81;145,64;113,8;124,8;132,56
107;135,2879193;53,04106667;16,388;44,779;46,458;147,76;184,49;101,29;144,98;68,282;92,179;130,7
108;150,2517874;158,1403591;23,913;63,179;46,458;112,66;168,19;107,72;147,61;34,644;110,96;121,92
109;208,603267;127,3704194;23,913;71,734;46,458;103,58;163,58;128,57;152,18;25,823;161,78;110,12
110;94,24258785;22,13824949;23,913;72,543;46,458;46,406;164,14;162,33;148,87;49,203;167,43;128,58
111;0;0;31,439;64,123;59,897;27,555;118,66;161,86;123,52;34,37;140,63;143,8
112;55,51467516;61,90020609;38,384;95,354;84,216;8,7036;86,658;161,45;108,4;62,925;138,98;159,55
113;187,1656597;105,8738028;68,919;98,396;103,21;5,8123;93,573;182,28;121,14;85,65;142,91;183,73
114;41,5606827;146,6631083;74,399;88,545;107,03;34,619;78,543;174,82;98,948;118,23;153,24;162,87
115;163,5472322;99,13862748;105,23;63,691;121,89;37,951;91,175;174,82;72,586;149,98;150,58;132,9
116;113,332988;31,04054359;115,96;70,77;123,2;58,822;150,28;174,82;94,512;147,25;115,42;134,42
117;192,0917974;111,0348378;97,929;54,519;107,85;73,692;148,55;167,35;119,41;163,87;74,594;131,66
118;0;28,23924742;70,511;35,392;104,38;76,936;152,22;156,72;170,28;175,39;79,268;116,69
119;94,02810644;40,07587244;62,234;53,897;95,057;63,053;142,52;144,45;183,09;167,47;100,8;65,286
120;33,41927088;57,28083908;71,805;99,097;113,31;92,243;143,9;136,85;195,9;144,32;99,254;44,445
121;280,3704818;25,04395566;65,131;113;141,32;115,19;147,8;145,36;168,76;126,54;108,47;31,951
122;155,4031337;78,71595272;15,96;103,65;160,81;99,309;139,4;140,55;144,85;120,63;114,72;33,806
123;188,6283187;43,49279623;19,068;115,88;160,28;91,189;115,99;127,1;127,07;96,919;93,095;21,217
124;42,39918452;77,89157629;19,068;143,79;168,24;74,417;119,22;99,087;94,892;59,614;75,853;53,314
125;77,77306513;67,99439352;19,068;183,52;178,37;76,406;136,88;96,694;105,85;51,135;92,035;75,572
126;89,54183544;70,94202797;19,068;188,53;177,81;108,6;112,43;89,323;125,14;37,2;115,32;65,542
127;171,7954771;65,69181689;22,176;188,53;192,88;125,32;99,676;91,3;106,93;12,101;98,772;39,006
128;89,21768403;162,9546383;32,94;188,53;193,91;146,96;105,18;67,748;79,44;5,4631;121,32;44,541
129;147,9824875;128,0670922;41,466;193,54;180,87;163,55;116,23;69,359;74,005;44,636;131,35;99,429
130;0;97,19804068;29,34;191,63;189,36;198,99;137,36;110,07;84,833;46,99;117,74;115,76
131;84,65900013;11,7409831;22,529;191,63;189,36;192,82;156,4;123,97;81,944;5,2638;104,31;101,3
132;56,47480849;2,845017082;45,887;191,63;189,36;166,09;137,84;130,77;41,329;6,599;102,85;97,177
133;11,26657863;0;43,651;191,63;189,36;181,48;138,35;154,17;48,32;6,599;130,8;90,762
134;136,3684791;239,780962;47,432;191,63;197,84;194,13;134,76;135,49;64,844;6,599;113,17;81,571
135;122,8090438;148,3429894;18,491;189,73;197,37;198,18;120,52;103,11;67,148;6,599;100,1;85,883
136;107,8987929;108,2809343;23,301;145,95;197,37;185,87;100,93;98,211;97,878;6,599;113,86;81,566
137;25,86932339;39,33253428;38,132;86,709;196,9;185,87;114,56;97,21;151,88;6,599;123,3;87,314
138;173,5395367;29,69359439;42,702;79,451;187,63;185,87;129,12;64,987;140,77;7,9342;116,02;98,029
139;126,9007646;124,5578123;75,562;87,95;181,44;173,57;155,82;27,711;147,03;13,102;84,538;112,3
140;87,94603818;181,5347032;122,29;85,597;178,1;168,87;167,2;45,984;145,82;8,531;53,463;136,36
141;107,2633876;0;141,16;78,809;166,06;151,07;186,57;64,635;109,29;8,531;84,248;145,5
142;90,1702739;68,72374785;158,95;63,544;167,9;137,73;186,74;99,515;109,05;3,9604;124,17;144,9
143;0,877257893;89,16964393;155,43;42,781;181,9;132,09;186,74;124,3;117,05;4,9897;130,41;166,54
144;88,7509417;0;161,27;5,0629;174,07;125,29;186,91;105,25;110,65;23,268;113,35;186,98
145;56,00800931;140,9997573;165,01;12,481;146,68;132,58;173,51;107,91;126,38;70,085;127,36;181,77
146;47,13762169;70,66910062;145,16;12,481;132,77;155,73;152,25;102,5;135,44;89,277;111,19;181,77
147;36,50590066;200,9721269;119,29;12,481;141,98;152,17;140,5;70,402;161,73;94,091;99,435;181,77
148;73,87657344;71,99967099;113,12;12,481;159,86;139,64;152,6;21,262;192,65;126,08;112,58;181,77
149;0;116,8041966;96,589;19,899;161,36;124,97;198,4;14,011;192,49;122,48;135,82;181,77
150;163,7437654;29,91402259;85,291;41,346;173,9;116;176,33;33,488;196,03;89,721;140,96;181,77
151;137,0936061;58,89762856;85,629;30,17;181,25;134,76;176,33;23,016;186,3;84,04;115,91;181,77
152;104,6883289;28,4415204;64,802;38,575;181,25;133,49;176,33;26,48;176,56;77,312;94,762;181,77
153;103,8037348;115,8742158;66,908;61,352;181,25;122,5;176,33;41,229;139,36;91,312;71,751;181,77
154;58,00018493;166,7930122;50,274;64,686;181,25;134,29;176,33;31,966;110,46;115,24;49,95;181,77
155;167,0111169;60,64606134;54,118;59,021;181,25;111,86;176,33;42,158;103,99;148,13;64,522;181,77
156;97,89695123;118,3270219;66,761;55,844;181,25;89,284;154,25;77,858;110,24;130,52;56,99;181,77
157;63,01819017;65,64570109;45,469;55,689;181,25;88,855;124,37;59,987;108,82;110,67;40,134;181,77
158;186,9731461;99,60803194;13,725;32,789;188,61;68,454;90,261;56,227;125,61;108;43,429;181,77
159;92,40373664;160,8800303;11,259;17,371;139,12;68,218;82,938;45,692;119,32;95,977;44,28;181,77
160;70,54825816;100,6258377;11,259;12,477;136,18;71,525;120,01;73,396;108,13;125,92;53,491;181,77
161;88,26478414;35,82676976;11,259;7,5829;131,9;55,888;134,32;105,61;95,285;139,53;75,445;176,56
162;55,01442538;45,89221862;11,259;14,178;146,92;69,972;141,38;133,58;108,12;135,32;72,771;129,06
163;38,68230193;84,37703897;11,259;19,842;121,66;86,759;146,76;146,22;111,07;125,69;93,122;106,51
164;257,4499815;83,15657632;8,7923;29,828;120,86;83,457;152,06;137,06;87,431;106,9;102,41;119,87
165;205,2198556;45,40434837;20,787;37,092;136,76;100,38;135,09;131,03;67,475;121,62;120,04;130,9
166;124,3421096;104,0071915;31,372;76,322;144,1;104,69;142,07;96,609;85,164;137,7;156,42;132,65
167;30,46289844;164,8155946;43,457;82,088;122,57;62,278;151,33;93,697;109,04;102,89;171,94;135,14
168;53,96191817;79,8245199;54,767;82,715;108,96;78,066;166,51;92,361;94,392;69,15;137,78;168,6
169;95,29795315;82,43407716;60,52;83,317;128,17;115,56;164,2;89,713;50,768;55,851;114,3;170,69
170;153,3749637;0;37,089;80,028;121,52;104,39;167,93;77,598;26,199;55,61;112,63;164,18
171;25,96973472;50,51726613;55,727;81,435;115,74;111,47;173,85;60,561;40,117;45,895;152,95;161,82
172;0;15,86673529;108,02;58,09;102,56;111,18;133,1;62,974;42,225;47,478;168,48;134,24
173;18,94416243;72,26085954;116,4;65,633;118,19;97,357;119,76;96,727;57,872;56,192;156,27;138,19
174;125,90065;123,3228356;97,905;105,46;143,39;86,775;147,56;125,83;107,16;45,687;144,06;148,8
175;129,3712163;179,1930794;106,52;141,09;156,03;72,967;147,84;113,07;117,45;47,912;147,9;152,4
176;132,9907651;194,6056893;130,98;142,35;149,63;105,64;138,84;101,5;77,619;43,694;166,95;167,22
177;98,07292081;87,34448105;128,84;156,43;144,92;138,95;144,57;99,646;35,369;31,891;175,63;188,23
178;116,9113458;75,95901353;143,87;114,39;137,48;131,67;126,74;94,356;28,597;35,797;172,67;173,36
179;77,320819;139,6709119;170;66,531;149,27;99,441;109,45;97,078;25,593;73,865;187,66;148,06
180;157,6112967;121,3389146;167,5;68,194;157,47;59,091;85,311;104,81;9,5172;123,79;191,94;163,77
181;24,18833175;136,744065;148,56;110,5;192,61;49,491;80,053;116,22;27,594;141,77;193,41;140,43
182;133,1917734;137,4736265;125,76;120,4;175,46;62,815;82,983;118,55;57,739;134,88;177,05;122,09
183;54,9674372;10,99291029;89,536;125,98;140,75;71,978;81,175;117,65;84,61;158,88;177,05;113,67
184;85,79678366;124,1503817;123,42;149,21;140,7;88,69;61,486;153,1;70,281;158,03;177,05;100,39
185;139,0570008;88,76381478;148,17;157,29;166,06;83,739;57,638;157,79;43,79;158,03;177,05;84,702
186;168,2354392;51,31586689;143,06;172,54;150,28;96,811;79,426;107,49;39,947;158,03;177,05;92,008
187;38,831679;55,04865518;136,27;178,55;117,9;88,134;46,671;91,729;32,634;158,03;160,69;143,03
188;181,5295225;165,6516341;134,24;179,2;69,824;88,351;44,197;88,037;32,473;158,03;148,73;170,34
189;145,4985885;48,5446938;114,78;179,62;51,629;69,785;44,465;84,213;42,443;157,17;181,96;186,11
190;101,8180668;24,62817224;91,692;178,49;63,786;34,822;42,63;77,39;30,596;132,26;194,91;175,83
191;94,17672813;105,9124411;79,325;151,67;70,662;24,408;16,922;85,751;18,022;105,93;192,76;170,5
192;92,83361899;206,493219;45,843;149,14;102,81;36,666;8,9615;118,3;11,658;97,454;192,76;166,15
193;87,70354272;95,32104827;31,524;152,15;118,23;28,594;16,607;90,91;11,658;96,484;190,61;158,48
194;107,2727375;111,1547684;20,323;176,2;120,25;35,692;20,179;82,527;11,658;115,3;189,75;188,59
195;108,9674214;41,3481562;35,073;178,44;109,95;45,43;24,332;68,273;11,658;118,37;188,89;182,23
196;155,4537674;187,6460933;31,946;180,68;83,679;65,465;53,671;76,075;5,2945;108,64;171,2;171,17
197;197,5086012;100,8893377;35,394;141,71;76,59;71,713;100,36;65,889;14,887;66,889;137,97;169,92
198;133,9048661;123,5756704;35,394;122,78;90,996;57,808;137,46;68,211;38,479;64,246;130,15;187
199;93,3071997;40,57417949;35,394;83,735;66,979;79,383;139,93;56,307;53,151;56,64;116,29;179,28
200;143,4014214;141,7163978;35,394;103,74;80,817;59,378;168,75;44,246;72,48;79,977;75,62;171,56
201;116,8836358;115,6821611;35,394;105,31;118,29;49,775;174,3;67,208;91,393;94,414;63,091;159,76
202;44,10394739;29,15393924;38,842;113,65;126,37;82,247;162,14;91,492;47,512;82,566;41,537;159,36
203;162,8433099;96,11544711;48,883;112,99;95,778;77,236;143,65;121,91;43,705;104,71;45,378;127,73
204;124,3137151;68,65647819;53,463;88,025;106,91;105,61;129,85;120,85;24,027;109,92;85,967;73,813
205;114,0004965;100,0078847;74,606;96,463;106,3;146,92;151,22;101,12;16,845;107,02;118,99;70,218
206;136,8047801;79,85904082;66,399;99,44;81,329;142,93;178,63;78,133;21,071;115,12;130,16;58,154
207;121,5743794;83,25550734;60,217;88,88;74,05;142,87;154,93;54,829;36,516;116,18;157,1;31,434
208;49,40085374;36,0468432;59,836;65,701;88,074;164,86;106,16;42,469;61,158;87,671;141,13;29,061
209;96,14973963;75,7856524;74,556;41,245;101,03;155,07;100,03;59,69;37,036;65,622;122,71;58,724
210;97,12672194;136,8155038;77,757;29,779;127,52;157,85;134,34;45,625;28,343;67,421;132,51;65,305
211;73,96931739;191,5916981;99,914;34,483;137,12;182,12;170,32;22,859;28,938;79,321;173,26;90,73
212;206,8162157;28,90088413;98,563;64,619;124,46;180,33;196,59;21,418;37,244;86,457;197,91;125,39
213;53,34623923;227,0250637;95,443;56,063;124,47;178,55;191,22;33,431;33,084;75,627;179,22;146,28
214;76,86109699;179,3503659;87,15;55,927;128,77;135,08;152,56;30,937;33,567;25,222;155,34;179,71
215;63,16972706;103,32642;98,857;68,252;109,21;143,36;111,78;56,945;53,775;16,428;110,28;198,01
216;35,43726011;77,02243436;79,819;34,266;91,869;144,03;109,15;88,976;60,101;16,428;116,21;196,08
217;94,35562895;54,76536084;55,119;37,186;68,444;132,38;80,697;115,13;59,931;16,428;124,99;177,04
218;89,4457862;140,5251522;41,312;59,375;42,879;104,42;73,337;121,49;54,796;16,428;127,06;157,63
219;197,6943509;54,99210576;39,85;75,3;26,199;84,956;71,686;129,51;47,816;16,428;134,13;138,79
220;90,94851545;68,02455238;70,56;67,903;25,148;64,267;71,186;128,29;79,614;7,6336;142,12;134,27
221;42,03719523;143,3725597;68,469;71,062;25,148;61,14;89,89;84,767;86,614;11,257;126,23;137,04
222;202,0974379;118,3028742;69,34;88,566;25,148;66,174;82,132;95,497;56,898;11,257;110,49;169,64
223;179,9707488;144,1078523;78,948;79,151;24,097;84,696;88,524;97,825;50,866;11,257;123,23;158,89
224;92,11241294;122,1549936;65,783;90,852;72,927;95,638;118,97;62,897;42,079;11,257;121,5;148,13
225;15,52041776;71,43976041;94,523;105,34;57,744;79,637;96,273;51,115;23,58;11,257;126,99;123,9
226;79,21233101;65,11451132;117,76;90,454;64,379;83,664;76,079;33,042;50,43;11,257;100,59;151,34
227;96,53353786;138,4865854;139,38;73,188;62,481;112,75;76,859;13,225;90,527;11,257;62,272;151,27
228;122,4540952;56,30335082;153,61;56,159;57,469;101,73;46,5;12,274;119,11;11,257;42,036;140,09
229;90,22018125;160,3429064;159,75;29,99;34,659;75,188;42,454;12,274;105,38;11,257;42,34;122,46
230;132,4953148;138,1693104;163,51;17,367;29,285;64,856;57,265;11,323;89,564;11,257;44,509;80,697
231;129,4036526;110,0024037;149,22;21,223;35,805;83,803;77,644;54,092;82,897;11,257;44,135;90,644
232;30,84926559;94,07066242;110,34;24,784;33,11;76,802;73,567;69,963;68,842;14,88;69,539;71,251
233;49,01234466;114,3645625;122,68;16,523;54,272;26,813;76,026;99,818;75,632;51,87;79,853;73,715
234;61,42363436;291,3839578;140,22;16,523;84,388;17,382;93,75;120,44;60,539;54,359;77,751;68,503
235;75,42094698;87,5935469;127,88;16,523;78,532;23,203;110,97;103,19;60,342;40,025;78,989;54,084
236;86,6554696;6,720739643;130,78;16,523;80,678;14,023;118,96;135,8;56,3;23,633;64,734;35,484
237;106,6381425;201,1357285;126,5;16,523;78,994;14,023;121,93;146,71;80,327;28,418;54,972;15,26
238;0;128,041379;120,44;16,523;34,312;4,8433;111,93;146,66;98,558;58,304;10,067;16,686
239;78,46912155;57,60694911;106,43;16,523;4,0729;8,8318;99,763;156,79;91,914;74,399;22,069;16,686
240;180,4369044;240,4607551;84,437;16,523;35,663;30,164;102,97;148,74;73,819;79,428;22,069;18,113
241;41,88791606;124,7432236;62,116;8,2614;59,552;43,827;63,023;130,75;80,103;90,7;34,071;28,583
242;161,9136898;110,3654063;29,824;17,797;62,133;56,111;26,39;155,56;79,804;99,764;56,828;23,259
243;126,9092601;50,3307473;33,04;27,332;61,558;45,59;26,751;175,11;80,561;92,06;69,369;27,091
244;104,1496542;34,25391462;59,88;69,851;38,855;48,222;45,476;184,46;60,55;76,158;97,78;46,328
245;116,8371301;0;69,298;82,506;27,551;81,794;61,75;177,41;42,896;56,313;95,945;93,216
246;11,98663915;70,20650599;78,608;78,271;56,63;96,93;64,023;171,61;38,754;50,891;82,735;135,59
247;100,8176312;34,91626397;69,13;61,437;87,148;129,09;59,905;153,93;24,999;24,604;104,53;131,14
248;202,126781;130,1642937;61,539;51,581;117,62;150,83;98,241;132,31;16,374;13,794;123,24;87,695
249;111,7908665;76,10282144;77,055;61,047;103,1;159,72;139,59;138,87;16,374;23,469;108,26;68,17
250;108,3724168;192,9535279;86,02;62,988;82,195;173,13;120,12;152,69;16,374;9,0471;90,638;64,68
251;61,83985324;178,4826141;54,822;66,786;87,323;178,26;117,68;135,05;7,7481;15,32;65,685;52,823
252;104,0411762;103,0745777;34,877;52,707;61,545;177,05;116,33;137,2;36,755;63,646;81,328;45,956
253;119,8308208;78,05523199;92,19;14,461;11,416;177,05;115,09;126,59;44,761;108,06;104,32;44,959
254;131,4732534;158,4112852;158,75;9,2403;8,1749;177,05;103;116,64;73,952;116,77;105,77;52,805
255;83,5214755;29,6855726;194,69;9,2403;4,9337;177,05;94,377;84,566;93,312;127,7;134,26;59,211
256;91,70272497;131,617127;160,67;9,2403;0,211;177,05;109,64;70,541;102,41;139,14;163,74;62,373
257;227,3114532;56,41967226;163,63;9,2403;2,7166;175,83;127,28;81,536;77,441;140,49;149,17;42,242
258;0;71,47192876;155,2;9,2403;2,7166;144,13;108,83;98,339;37,096;159,49;96,963;36,152
259;239,6567408;56,26906408;126,41;9,2403;2,7166;140,3;78,273;139,31;37,428;167,49;69,108;21,039
260;126,143822;126,1252249;119,05;9,2403;2,7166;120,5;52,95;130,05;67,824;137,57;76,426;43,485
261;165,8936492;50,31676314;116,5;9,2403;2,7166;110,46;68,687;137,6;73,45;144,57;51,454;59,851
262;6,040131501;34,33057264;132,44;9,2403;2,7166;96,808;87,918;158,04;82,448;168,84;38,543;59,462
263;70,48792615;124,8567849;173,35;9,2403;2,7166;89,641;55,104;139,21;112,3;140,83;50,565;81,838
264;89,20615017;70,17798508;175,74;9,2403;2,7166;77,16;12,949;96,156;104,17;101,18;68,536;113,03
265;131,2529415;114,1388812;165,91;9,2403;2,7166;62,727;13,913;72,497;106,96;90,283;60,695;137,9
266;5,677958129;74,18420245;135,39;9,2403;5,2223;59,454;13,913;52,909;95,048;71,823;68,948;124,6
267;134,1880596;108,9842796;138,58;9,2403;0,4009;42,069;13,913;51,259;58,067;23,632;93,964;99,921
268;33,11916802;0;170,61;9,2403;2,1289;52,84;13,913;57,334;35,695;12,386;118,22;111,39
269;109,8614029;119,9783912;153,44;9,2403;2,1289;66,304;13,913;73,762;43,269;1,1411;125,15;128,29
270;145,0313533;197,6894128;136,17;9,2403;3,8569;79,739;13,913;71,106;43,681;24,42;145,07;131,01
271;125,513598;152,090203;141,97;9,2403;4,9703;46,992;13,913;41,418;47,575;5,8569;153,37;114,16
272;170,8480103;144,9002084;157,34;9,2403;18,964;5,0097;13,913;9,4709;27,311;5,5268;157,4;118,89
273;166,2546266;80,46504795;163,74;9,2403;32,958;12,87;13,913;18,532;8,4796;11,092;152,75;123,88
274;66,8355358;104,0258925;182,73;9,2403;88,57;53,768;14,878;21,938;45,987;11,092;140,65;131,87
275;121,3133694;107,5679746;176,92;9,2403;125,56;69,584;14,265;47,529;61,344;16,657;114,37;141,74
276;49,22733162;99,28800153;130,7;9,2403;130,8;72,323;10,193;85,649;61,534;30,334;100,76;108,27
277;26,58268872;47,38376413;106,62;4,0201;132,17;56,21;6,1216;104,63;22,043;23,435;118,92;54,879
278;161,379556;74,1638776;94,679;2,3643;152,68;42,613;55,691;100,87;21,36;12,855;164,56;21,843
279;105,8929909;84,10259779;73,874;4,2061;150,76;48,211;88,56;106,61;37,444;12,855;168,68;53,723
280;102,5948651;66,97340851;69,064;4,2061;150,76;49,732;84,228;127,52;62,649;12,855;180,18;81,092
281;160,5576359;140,7528558;58,409;4,2061;124,2;46,58;93,97;142,72;96,453;2,2749;160,66;55,847
282;141,5650218;236,0375631;26,214;6,0478;86,72;34,498;122,65;144,09;94,226;0,2065;116,87;50,298
283;126,9020704;19,78328192;20,903;8,5935;60,803;9,4245;133,11;97,09;98,856;17,669;97,526;72,627
284;180,9050737;101,0770547;36,411;12,771;57,301;24,534;106,37;84,898;88,791;37,233;96,762;78,786
285;161,6773675;13,11676741;46,596;12,771;72,238;78,199;68,909;82,108;121,66;28,687;101,09;74,005
286;120,2757954;166,8304597;79,266;16,949;37,829;84,515;70,905;75,218;129,1;10,758;82,262;79,41
287;64,46833381;172,845044;88,473;46,568;21,916;62,714;93,084;79,994;116,9;4,4958;67,001;89,571
288;66,79678149;0,78759366;105,07;79,648;6,003;71,521;108,21;56,673;126,66;24,181;81,009;95,529
289;177,4161122;202,7363308;150,01;91,292;32,816;64,882;124,73;54,14;134,13;51,012;95,016;66,444
290;9,180176679;33,14688667;178,58;85,206;38,313;82,489;139,97;62,259;102,13;70,065;83,874;49,515
291;104,4222838;106,5918626;181,65;62,335;47,696;92,146;137,88;54,52;91,124;72,615;81,868;39,677
292;0;155,4300353;181,65;76,513;35,703;97,986;118,31;44,083;106,91;67,583;64,469;29,618
293;167,1198809;102,1325701;184,71;81,124;30,332;118,77;113,37;73,309;122,14;64,18;74,743;16,262
294;157,5929781;222,4472855;164,13;96,678;28,232;141,87;94,852;80,848;118,48;98,341;122,43;16,262
295;105,959725;248,0332411;179,47;81,149;31,227;125,17;96,147;74,809;89,269;144,44;150,11;16,262
296;101,6397672;101,6357926;186,11;89,078;46,392;108;92,312;93,653;73,87;154,98;146,25;16,262
297;0;0;185,5;115,86;63,26;97,638;102,68;99,447;90,001;159,58;122,55;2,9066
298;140,7603394;73,45039237;181,76;65,399;72,494;89,357;79,634;91,164;56,163;176,31;108,51;11,675
299;0;46,39583935;176,99;15,755;55,255;79,008;61,898;83,406;46,274;187,38;78,458;11,675
300;0;51,06381159;177,88;34,15;68,016;82,096;86,714;68,913;65,959;148,08;73,959;11,675
301;110,6860226;30,73909039;188,38;37,282;72,195;80,175;99,99;68,901;67,232;124,84;46,391;11,675
302;48,98114099;98,26857812;182,25;26,471;57,011;78,33;104,94;76,265;38,606;144,43;28,397;11,675
303;130,5794373;211,8612607;182,25;29,778;72,426;72,988;102,93;54,228;30,632;145,01;28,397;20,443
304;146,5086683;53,80254598;182,25;13,682;80,595;73,976;113,45;30,423;46,122;153,35;28,397;40,318
305;157,3539527;78,18112294;176,11;16,481;89,597;84,564;151,77;31,136;53,412;158,96;28,397;63,396
306;64,42045248;159,2126003;198,24;29,815;118,59;106,65;118,04;44,512;63,296;178,2;28,397;113,91
307;132,8526574;161,8079995;189,13;39,726;86,108;103,62;78,382;63,278;91,892;186,45;28,397;145,21
308;111,928001;121,0802953;180,02;62,793;47,124;115,88;59,629;48,336;96,015;168,88;28,397;130,76
309;155,4541999;151,3469232;130,87;46,711;56,229;113,18;40,9;14,12;94,878;129,64;28,397;108,99
310;138,0594248;142,6506572;120,06;24,583;50,361;92,514;37,22;8,2853;92,226;69,128;10,403;97,487
311;159,7633056;72,5115588;122,13;17,248;34,118;98,571;27,591;8,2853;80,206;48,507;21,611;128,75
312;97,97372792;117,9080095;109,61;17,248;34,983;93,924;15,385;8,2853;48,236;34,683;23,981;135,75
313;97,05791263;77,13869088;106,16;17,248;31,143;79,657;20,218;8,2853;36,989;22,731;36,466;116,18
314;166,3564043;43,49736288;123,31;9,914;12,872;64,486;22,98;8,2853;36,552;38,763;53,581;94,056
315;0;129,4357458;140,99;51,407;31,035;90,339;32,897;2,4504;30,248;35,236;55,045;87,289
316;75,61481567;97,66740109;137,78;64,736;50,863;101,72;48,068;70,149;30,8;15,773;101,08;108,86
317;29,65433301;83,41124949;149,69;74,213;28,695;59,954;65,875;102,26;73,789;13,042;95,447;105,84
318;82,93491184;110,2267375;134,01;54,59;23,856;14,674;71,458;91,435;101,5;21,462;41,739;114,8
319;144,8107557;149,2009027;127,55;48,627;41,773;12,936;54,216;116,41;91,266;48,945;26,272;125,59
320;155,433629;115,8943359;116,36;67,583;49,437;12,936;74,954;144,08;113,3;46,47;26,145;125,13
321;44,99338144;104,7848769;135,42;45,967;31,602;12,936;64,179;163,13;119,1;35,878;1,5495;121,58
322;77,62580524;109,5579576;178,17;32,109;33,957;11,197;93,89;167,74;74,273;33,694;23,91;128,51
323;114,1114924;96,75833746;176,64;18,076;67,378;28,285;105,44;190,87;75,036;46,058;54,469;157,06
324;88,37819745;50,51989034;171,8;35,286;57,956;63,399;88,24;181,99;84,77;29,606;63,462;171,98
325;123,9991133;137,9497758;173,49;55,711;21,264;44,211;57,417;165;91,932;15,988;69,84;145,35
326;129,8858566;172,7887893;186,25;61,119;4,8124;52,33;29,159;142,46;78,412;15,988;91,152;130,78
327;50,09230646;63,98047931;186,25;48,518;18,132;74,695;58,921;143,8;82,899;2,3687;113,03;137,45
328;95,28018404;201,8444721;186,25;19,511;24,764;86,968;59,342;159,09;107,32;28,581;119,96;125,33
329;0;84,02013735;199;24,432;33,113;87,212;44,367;163,77;112,5;13,886;121,61;103,06
330;174,6117026;80,2399797;187,96;53,062;27,405;40,506;29,401;152,65;121,65;9,9914;137,19;139,24
331;68,14455434;43,62436311;187,96;59,806;27,405;31,277;19,915;180,49;164,15;63,043;117,95;168,58
332;33,65900156;49,51913555;187,96;31,082;21,698;54,269;19,915;169,08;166,36;84,509;110,15;144,83
333;90,65331899;40,52341731;176,91;54,138;23,673;76,006;19,915;137,03;169,46;102,42;101,76;137,88
334;20,17118812;113,7087054;162,36;62,719;24,305;112,8;19,915;131,61;163,2;118,75;94,546;143,86
335;104,6385429;183,3234741;145,37;40,57;30,039;139,14;10,429;146,54;106,17;138,08;84,25;116,15
336;72,25010021;123,4283341;132,14;33,328;42,979;114,29;43,823;182,65;73,484;184,15;95,848;88,707
337;236,5567226;141,7253289;82,372;24,928;31,302;91,973;76,166;167,79;67,546;196,32;102,74;85,967
338;174,1979232;169,0334052;79,471;33,708;30,755;86,24;74,548;154,42;77,038;155,57;76,161;69,49
339;0;0;130,13;43,04;47,267;104,66;48,442;157,98;97,308;106,46;29,611;89,204
340;132,3696159;84,50667796;135,03;28,194;50,029;111,33;31,471;132,19;87,598;84,313;15,283;98,803
341;22,00172745;113,6588576;120,01;25,057;15,501;95,761;43,672;129,44;63,831;92,817;7,3638;109,09
342;90,58668921;134,0562086;131,12;25,057;13,866;123,1;49,542;120,02;55,72;102,81;5,9938;124,58
343;115,7542444;20,81830823;136,13;25,057;17,077;133,76;45,291;127,42;72,904;126,31;4,6237;85,471
344;150,7540417;37,5613387;141,79;25,057;13,863;129,83;63,57;132,72;87,241;162,44;15,416;31,988
345;89,50718304;138,1682743;130,77;21,92;23,975;131,14;103,94;126,58;106,31;178,86;35,615;44,09
346;200,4680088;87,3620056;101,98;38,853;0,4141;105,97;106,03;116,05;105,66;152,03;94,618;64,868
347;77,03377089;124,8630337;95,152;26,431;12,545;78,392;55,195;101,54;104,43;142,84;131,59;71,343
348;125,5407272;40,09389094;107,1;3,228;26,468;75,529;44,724;67,474;112,8;151,89;156,29;32,308
349;145,7740472;2,397065836;117,05;6,2113;36,037;64,017;44,724;30,958;105,92;143,18;152,13;20,446
350;111,0013156;136,5172158;111,49;6,2113;37,646;44,623;34,254;36,575;68,682;136,03;149,76;53,906
351;158,7471671;160,7152005;122,13;9,1946;60,607;15,01;34,846;46,101;23,698;140,62;114,2;38,47
352;125,2827883;185,2852041;159,81;17,353;58,91;0,8315;48,89;66,159;13,47;123,93;72,514;47,916
353;58,84122898;8,087382234;175,38;42,332;44,157;5,7761;73,572;69,512;3,2428;92,001;43,838;71,073
354;0;19,02626534;162;45,176;29,343;5,7761;90,947;49,365;30,41;86,437;19,666;58,321
355;217,4055769;11,35459611;155,49;66,351;53,855;5,7761;85,505;20,486;40,601;117,76;2,7887;41,814
356;69,61819467;91,55686784;139,29;85,244;74,73;5,7761;79,287;9,5045;60,805;136,6;19,009;39,43
357;112,0915833;59,42158923;97,801;89,726;56,076;5,7761;53,057;38,591;62,562;135,75;44,488;26,817
358;139,6800173;167,4826693;95,889;89,785;18,027;5,7761;68,65;69,114;61,334;128,21;58,544;18,99
359;112,7058198;12,40627138;99,207;81,193;24,293;5,7761;96,035;106,17;81,097;104,44;82,011;32,388
360;51,60642723;0;106;70,816;40,536;5,7761;95,379;86,882;92,907;92,243;66,796;25,633
361;77,82712505;105,3870623;99,993;32,399;49,744;5,7761;97,805;62,18;102,22;103,08;29,956;23,494
362;98,39660317;160,6941023;121,42;3,453;56,036;5,7761;99,881;92,436;110,2;126,81;28,601;70,532
363;194,6275095;48,93190649;113,9;3,8328;48,627;5,7761;83,627;121,18;66,343;122,25;56,519;90,167
364;54,2410586;23,01436035;96,741;3,8328;71,682;5,7761;117;139,26;95,305;126,21;80,792;80,226
365;152,970108;85,52744422;119,75;4,2126;60,789;10,721;157,35;112,92;138,07;106,78;92,112;81,628
366;124,4073884;2,248986018;130;49,345;47,716;12,846;127,66;101,93;127,5;56,598;97,09;135,22
367;91,85839747;94,86128338;129,25;60,631;54,96;12,846;103,43;102,86;87,348;46,432;94,718;157,08
368;42,47163524;140,2796869;138,37;68,148;70,706;12,846;88,927;91,881;59,879;46,593;87,072;106,12
369;88,84154272;106,0833475;147,92;62,553;103,13;12,846;110,36;73,565;25,118;66,043;98,66;96,639
370;100,6885831;0;164,59;87,27;103,26;14,972;110,29;64,384;12,549;91,63;133,44;116,73
371;17,72629553;63,82797801;139,2;67,884;101,67;43,342;97,197;70,275;41,443;98,78;159,57;120,92
372;117,4209347;76,97619129;124,4;27,874;92,694;65,27;86,994;92,77;46,95;82,856;198,4;134,14
373;56,55240342;195,4505993;134,91;36,28;112,09;107,08;84,387;94,495;46,193;72,066;195,02;134,68
374;100,2355647;145,1216982;162,46;36,662;127,38;138,62;99,217;117,83;31,195;93,592;191,64;149,13
375;126,0628005;90,69347991;128,79;9,7838;123,6;174,83;75,194;124,08;27,828;103,61;181,42;151,96
376;51,61075645;167,2142764;112,16;32,019;104,16;162,71;58,153;104,9;25,448;74,219;181,42;143,59
377;88,59461833;35,38479249;136,39;57,901;88,407;125,43;47,632;97,624;17,051;52,324;181,42;137,26
378;126,8937655;74,38705862;116,83;52,251;79,68;112,88;24,566;122,21;5,8953;57,44;181,42;135,57
379;0;172,993425;99,861;43,446;86,168;123,17;27,103;119,75;7,6821;55,809;181,42;158,11
380;168,0485545;178,023444;113,1;18,752;92,477;124,53;47,309;90,231;47,984;102,71;181,42;175,53
381;251,3576687;134,7910557;109,84;12,074;83,998;99,245;58,004;100,07;55,968;134,79;171,19;183,13
382;163,4540306;121,3721272;129,57;5,3964;108,22;90,88;57,055;90,287;59,855;106,61;112,78;183,13
383;86,9436803;61,06693618;168,47;14,593;135,68;87,758;27,565;69,931;96,485;72,755;74,108;183,13
384;131,6073608;135,6043804;175,54;19,134;88,959;97,424;39,898;60,987;103,68;94,372;58,391;190,74
385;43,73091329;47,51332169;182,59;19,134;32,942;81,688;58,384;45,805;83,237;87,14;68,212;156,96
386;218,5619276;126,063161;173,81;19,134;27,251;67,065;77,992;31,632;56,98;105,3;71,775;118,69
387;162,3322642;109,6731174;153,13;19,134;19,008;79,611;97,596;31,746;34,947;150,49;76,79;97,801
388;153,1307468;157,6911511;144,49;19,134;10,268;90,676;116,79;62,625;44,636;167,17;93,288;103,19
389;53,33754428;70,04140065;113,41;19,134;42,293;94,934;114,13;77,455;60,897;162,32;78,394;90,126
390;125,0869481;129,5138339;85,3;19,134;59,417;57,569;124,06;55,753;52,282;144,2;85,047;62,539
391;72,39234291;138,3079726;85,798;19,134;80,352;26,075;166,43;41,05;23,639;143,76;80,246;45,105
392;87,20423489;43,58088161;91,588;19,134;56,805;69,679;185;72,892;7,8409;186,32;43,535;57,693
393;71,689405;102,6397113;115,54;23,675;20,09;78,686;169,85;71,322;9,194;198,27;34,163;67,048
394;44,34598306;183,336219;111,04;18,45;3,1081;60,69;165,19;53,546;9,194;195,04;24,29;58,319
395;51,36526479;100,1866238;96,827;33,165;9,7729;20,235;150,31;57,048;9,194;195,04;7,045;24,778
396;93,29615996;76,60700367;99,556;14,768;9,7729;6,4317;147,43;90,942;9,194;191,82;24,601;29,289
397;3,95815495;119,4629381;105,13;11,001;9,7729;12,375;151,23;98,121;9,194;143,59;78,978;50,311
398;142,3460346;78,48435349;108,04;11,001;9,7729;18,762;131,81;84,916;10,547;102,94;77,537;46,34
399;98,82210264;118,7060421;72,944;11,001;16,438;11,498;116,71;86,401;37,199;77,487;53,643;32,405
400;147,83962;86,3431529;50,863;11,001;45,501;11,498;128,12;104,77;51,561;80,66;36,115;50,224
401;122,0689185;92,86361913;61,999;7,2346;41,547;4,2339;147,97;89,85;36,504;100,83;18,139;90,088
402;135,5472233;119,6942078;83,926;15,972;24,063;2,3394;134,24;69,435;12,61;116,31;25,629;99,047
403;16,90273865;170,179666;84,997;15,48;32,637;33,652;115,85;101,77;6,1888;105,54;35,576;103,4
404;44,67413686;119,1949758;58,776;15,48;39,223;56,408;95,073;151,17;26,556;91,454;54,345;98,028
405;79,07029936;186,1994848;75,523;15,48;56,07;36,884;100,71;152,03;25,152;76,193;79,494;85,516
406;112,4695155;0;59,196;15,48;79,487;26,299;115,02;140,85;13,969;54,407;87,972;107,38
407;173,6141871;68,73161856;34,172;15,48;87,15;39,315;118,6;135,67;9,6638;49,525;97,608;94,774
408;88,49221755;107,1056193;3,7329;15,48;59,034;49,022;102,65;131,15;4,6719;64,259;121,08;97,055
409;181,5830431;47,12031403;21,425;15,48;77,663;51,826;103,12;133,7;6,8947;88,392;106,62;117,83
410;134,4154887;22,43651085;21,425;15,48;91,155;67,231;93,622;133,79;31,24;96,441;98,277;109,16
411;176,3370051;128,4439646;21,425;15,48;99,438;82,059;68,327;111,18;44,085;79,355;118,97;89,35
412;113,5068241;128,2012842;21,425;14,988;92,806;70,69;20,751;60,819;84,936;61,533;128,58;69,742
413;66,48104426;110,0953447;21,425;6,6201;104,65;44,746;33,629;66,759;94,526;53,658;96,464;33,971
414;17,00605571;116,0277029;39,117;6,1533;115,46;31,646;33,629;66,941;66,129;58,211;86,868;3,9929
415;115,2193398;45,13848084;59,652;6,1533;138,23;31,646;46,507;32,723;63,037;65,664;110,47;24,641
416;155,0030821;66,01945082;55,706;6,1533;116,36;18,546;63,494;25,531;59,654;48,795;109,5;44,01
417;88,33471215;87,91637824;37,894;6,1533;84,313;11,986;68,666;46,025;65,422;42,094;133,61;50,638
418;73,44281501;55,37156842;33,702;6,1533;119,86;5,2711;84,369;22,079;46,71;54,488;137,9;63,53
419;87,37149108;112,4753291;48,864;6,1533;124,56;33,807;72,346;12,23;70,243;40,716;123,02;67,199
420;40,09440191;226,3425856;53,688;6,1533;144,11;60,952;93,279;13,435;75,868;12,004;130,94;43,7
421;76,30941108;66,88507977;53,41;6,1533;179;57,139;142,22;14,641;34,671;13,983;126,2;33,733
422;95,04563862;130,1470996;24,475;6,1533;142,33;32,148;158,87;17,753;39,68;15,413;105,32;5,3576
423;108,6404663;35,96221583;28,451;6,1533;122,3;14,823;147,46;2,2455;36,767;48,984;136,06;4,3507
424;102,0630128;168,9050575;57,111;6,1533;113,55;20,309;127,3;13,299;58,537;69,561;156,97;4,3507
425;142,5701116;39,61814007;64,878;6,1533;121,41;21,024;130,47;19,369;72,23;66,801;198,58;3,3438
426;112,4490616;105,5780737;54,547;6,1533;131,17;21,024;122,19;14,838;65,023;72,144;176,78;9,7351
427;214,730927;59,2487721;45,057;6,1533;118,79;21,739;118,15;10,306;59,871;102,63;176,78;9,7351
428;124,6114297;122,562876;95,27;6,1533;95,222;49,652;157,55;11,829;81,76;82,753;154,98;9,7351
429;214,1596263;94,52583358;135,32;6,1533;89,849;35,992;177,82;58,371;76,655;69,727;125,58;16,126
430;62,50271123;91,42663693;157,3;6,1533;90,416;32,948;179,42;95,595;69,536;57,802;136,01;58,885
431;137,4828223;259,0391823;150,09;6,1533;60,456;15,934;181,41;103,71;69,123;54,368;135,42;64,927
432;90,2749483;58,60741316;139,83;5,6864;25,161;5,9777;189,44;109,1;102,94;39,893;136,22;66,963
433;141,8985505;91,26475363;94,429;39,793;13,722;24,188;189,44;105,32;147,64;10,032;131,87;55,276
434;141,5258477;244,1394286;62,909;39,339;35,806;25,326;189,44;122,5;136,19;7,9872;169,98;89,351
435;0;29,67532157;74,81;43,939;32,984;41,43;189,44;142,21;111,96;7,9872;180,64;132,16
436;26,26741103;124,8579297;66,047;77,29;30,164;49,666;189,44;156,77;103,33;5,9423;182,59;151,34
437;19,42918414;33,60832909;52,924;122,48;28,614;47,805;189,44;127,07;86,804;7,832;177,01;145,96
438;130,0006698;151,6058167;23,948;105,09;40,36;71,316;189,44;99,075;60,509;13,894;179,5;138
439;194,1020769;112,2316695;21,122;74,308;46,3;62,723;189,44;87,159;24,316;19,956;192,19;147,99
440;86,28114627;130,4089894;32,176;63,647;58,482;67,66;189,44;88,575;15,712;30,173;173,58;132,6
441;154,6293803;78,27377748;55,369;92,95;97,914;67,445;197,47;92,439;7,108;6,2093;143,85;82,396
442;138,6224062;107,6207292;68,55;126,04;118,5;61,718;179,88;75,123;32,805;9,3117;124,6;81,121
443;42,79206143;176,3507548;66,016;158,61;125,32;69,692;180,87;59,752;46,554;5,3955;106,08;102,48
444;129,7380197;0;60,274;192,91;80,947;46,018;173,29;57,739;58,65;2,1551;87,276;108,54
445;60,77631568;2,425719404;51,95;191,29;61,337;17,933;174,24;38,795;64,861;1,9725;69,675;120,18
446;196,8660138;117,1562605;61,242;191,29;77,882;22,108;169,13;8,1518;61,461;1,9932;64,781;148,49
447;103,9360094;57,2229443;33,417;189,68;66,982;15,392;175,01;14,59;112,51;1,9932;95,194;143,83
448;204,0499794;77,29449434;20,672;170,24;53,052;39,413;149,5;20,973;119,69;1,9932;95,453;129,29
449;80,38649056;10,06254292;20,672;145,42;51,42;81,312;130,07;18,586;100,59;1,9932;92,106;124,69
450;141,256002;43,21927095;7,9263;103,02;64,377;74,95;145,21;18,586;68,231;1,9932;100,12;125,8
451;102,1225265;71,25583348;21,551;79,326;75,431;72,901;113,64;16,199;49,383;1,9932;112,52;152,71
452;0;53,2453027;4,544;81,574;59,779;93,278;120,25;28,624;71,178;2,014;117,99;161,08
453;46,96210845;45,36683858;8,5516;53,41;67,839;74,648;128,05;49,34;68,072;3,8366;124,33;146,43
454;142,6406779;70,2665803;0,4866;33,694;70,165;55,305;120,24;60,692;73,718;15,33;132,97;147,44
455;102,5968322;41,10068584;4,8219;55,036;60,049;30,298;125,03;76,266;96,307;39,86;138,19;144,61
456;38,76607985;169,0354882;4,8219;57,22;35,585;17,318;143,97;85,72;88,028;74,957;119,17;128,22
457;68,30728767;38,53765611;4,8219;67,68;30,505;30,903;143,21;51,509;90,031;93,679;110,54;172,2
458;120,8610644;195,6947905;9,1572;67,533;40,321;58,112;164,21;14,44;69,562;101,88;130,67;175,72
459;46,30885961;72,92155004;19,557;67,314;45,956;55,754;144,79;27,209;63,699;97,343;119,7;169,32
460;164,3870135;12,59251968;19,597;50,649;64,955;47,578;107,77;37,462;48,772;120,06;112,14;147,87
461;67,4474296;59,24381878;23,187;32,35;45,5;60,584;91,223;8,2374;13,84;139,34;120,57;135,47
462;214,4217572;146,2220539;14,465;62,505;35,487;87,244;116,33;20,896;7,7647;144,94;127,59;109,38
463;41,09802496;153,0220384;11,652;71,869;65,072;120,35;119,92;20,896;7,7647;131,83;118,63;86,273
464;117,8413666;102,8627275;8,84;32,151;116,15;112,89;92,337;33,554;7,7647;127,31;105,15;79,173
465;14,62840629;109,9844179;52,398;22,144;117,11;89,017;77,983;18,629;7,7647;107,41;128,87;94,838
466;62,47213248;129,3327123;47,124;46,229;80,244;85,49;98,508;12,788;7,7647;133,08;149,98;97,601
467;70,2949811;12,18365533;47,599;80,21;71,823;79,488;99,793;6,9462;7,7647;161,52;168,4;82,439
468;129,9701804;61,31425537;64,99;100,13;67,588;61,237;87,793;3,7065;7,7647;135,41;163,08;105,05
469;162,4179992;0;50,658;101,76;65,176;45,864;88,684;25,457;7,7647;113,44;143,6;96,226
470;123,9191581;68,74022753;40,822;137,29;72,903;59,386;93,614;49,569;7,7647;151,87;134,54;72,349
471;83,50576048;147,0493834;43,626;122,79;82,274;41,325;97,897;69,055;7,7647;168,63;120,08;46,327
472;154,8193105;134,0667189;42,065;72,761;95,44;13,494;113,97;85,486;7,7647;164,24;97,237;54,184
473;153,8232195;222,0084019;37,468;58,364;126,3;37,305;125,79;129,65;7,7647;145,44;102,83;43,881
474;113,1023169;103,2267491;63,316;39,821;147,27;55,402;121,8;131,95;7,7647;116,59;98,828;34,815
475;140,1648578;0;61,703;45,947;155,81;92,193;117,2;126,59;7,7647;139,34;42,419;44,08
476;130,6577606;188,4963612;34,648;70,259;119,61;111,97;92,718;119,37;7,7647;142,24;58,272;52,688
477;46,672287;165,6977218;22,04;94,419;72,199;112,29;100,76;136,93;7,7647;115,52;86,289;63,104
478;151,4640996;61,262666;22,04;143,96;63,945;122,59;138,18;128,24;7,7647;119,21;96,381;60,09
479;66,45792205;106,3564109;22,04;138,16;87,615;125,1;160,26;128,11;7,7647;117,8;89,328;35,352
480;69,65489112;137,5392825;22,04;124,17;113,49;117,57;137,7;131,11;7,7647;123,25;76,985;52,318
481;116,5068093;115,4336008;22,04;120,63;108,37;125,12;130,57;130,23;7,7647;161,51;83,575;73,957
482;87,43979181;132,8865477;22,04;109,03;87,523;102,14;160,56;141,33;7,7647;173,71;100,38;64,062
483;97,98077883;87,57792869;22,04;100,03;36,677;124,48;187,92;153,96;7,7647;184,02;114,92;55,966
484;141,6114604;91,71587275;22,04;71,86;33,505;127,91;198,71;121,03;1,6894;182,37;101,27;37,168
485;168,6999671;98,82296323;22,04;47,871;68,131;88,047;176,06;98,329;4,8997;182,37;119,21;26,385
486;94,01248204;49,6692655;9,431;44,073;65,833;60,902;163,8;70,105;19,621;180,73;176,08;29,795
487;125,5506898;173,5757947;1,6173;27,799;57,673;53,46;165,34;43,436;32,182;142,45;191,6;6,5154
488;91,59190972;94,24457431;4,3925;2,4246;48,292;42,87;152,25;21,936;62,561;130,01;134,13;13,292
489;119,6658136;132,3329275;4,3925;3,2671;52,695;50,804;116,17;21,445;88,703;120,5;92,556;20,069
490;132,2898743;46,01371652;4,3925;32,87;91,513;78,184;120,52;13,633;80,332;95,465;89,384;30,361
491;68,87804427;33,67682222;4,3925;43,314;99,406;110,91;115,33;2,5364;80,134;61,269;90,188;24,669
492;122,3802072;88,79583393;7,1677;63,018;110,53;153,27;101,59;3,4313;85,598;30,267;75,388;40,392
493;141,9561219;79,73477736;20,616;103,31;130,67;165,13;113,8;3,4313;85,302;22,414;90,321;48,534
494;111,4284771;160,8001338;47,074;106,2;129,96;166,21;123,27;3,4313;80,445;36,715;101,47;70,752
495;209,6804835;127,8295677;76,428;105,61;108,84;164,8;106,26;3,4313;62,719;62,281;111,8;98,87
496;69,37655332;124,158808;78,581;103,3;90,335;153,31;96,146;3,4313;36,712;92,718;144,89;130,15
497;61,6664137;12,97339252;92,711;111,68;62,855;145,99;116,27;3,4313;12,844;91,297;163,58;170,17
498;0,897241617;39,69914677;71,992;120,47;55,187;144,4;145,35;3,4313;23,416;73,623;182,69;195,25
499;160,5189548;105,2048749;95,375;122,03;84,302;140,56;157,97;3,4313;24,65;48,08;164,47;153,26
500;157,9149532;74,40883351;118,01;111,78;104,5;158,58;109,14;4,3263;24,65;91,141;146,23;128,79
501;101,0964297;166,1349274;155,48;116,89;116,96;175,51;106,23;18,051;24,65;145,86;155,32;173,45
502;159,7985594;168,9946139;177,47;96,197;112,58;185,48;89,302;46,224;24,65;154,56;133,63;196,6
503;116,9122054;61,36532939;171,34;96,149;78,941;177,48;43,198;69,258;24,65;146,85;110,88;199,45
504;123,3374081;142,8975937;150,95;92,082;60,565;197,36;38,206;60,849;24,65;122,56;113,4;191,16
505;112,666683;172,0351937;165,12;111,96;48,521;186,3;102,1;85,099;24,65;124,73;115,97;182,87
506;132,2871313;111,8651724;160,01;135,6;24,493;193,67;124,96;91,377;24,65;108,73;135,67;150,2
507;111,9897466;184,7994177;161,26;162,23;32,773;168,11;122,71;122,6;25,885;57,947;125,2;141,29
508;273,1301137;153,3862653;181,1;177,44;54,121;154,5;131,14;157,98;56,847;45,32;103,71;140,92
509;35,89009819;105,8798933;172,13;174,97;56,258;158,86;126,62;149,18;30,217;53,706;69,534;131,92
510;0;142,9909793;155,67;163,61;47,499;169,08;112,71;125,92;21,571;70,976;50,471;111,83
511;37,44913132;104,7767926;136,5;142,32;50,325;162,55;123,07;106,88;8,8414;70,529;57,051;95,822
512;40,28939263;70,65603905;118,82;117,16;51,975;158,16;106,32;100,11;38,909;69,711;41,938;122,28
513;79,87344221;113,9636891;131,42;90,226;39,363;169,81;77,226;104,09;75,809;57,588;37,733;128,55
514;95,7818073;95,91846941;115,53;56,88;5,1565;169,59;63,305;128,91;109,33;30,745;36,814;125,28
515;92,7779864;73,47065459;118;47,719;15,571;151,38;95;146,14;133,94;6,8411;54,229;162,57
516;138,3700661;193,0670958;151,55;40,808;15,571;152,96;117,28;163,52;146,53;27,475;71,858;180,13
517;129,2459722;106,2812918;189,83;37,142;15,571;170,85;109,77;160,6;158,92;53,225;61,999;169,45
518;150,9637391;246,7911448;174,95;24,125;25,985;167,84;120,37;153,02;153,44;58,6;102,06;175,04
519;212,585354;77,30473853;171,38;19,274;45,321;138,62;110,25;109,79;151,55;41,135;113,98;151,87
520;179,2737531;125,4905509;170,08;21,199;54,89;131,06;82,62;112,01;148,74;52,341;117,44;111,87
521;28,89463372;182,5167571;127,32;23,124;46,269;145,42;114,85;144,72;119,73;66,552;107,59;95,11
522;0;246,7268869;90,308;49,317;30,239;156,27;121,64;157,83;85,031;48,365;96,129;100,79
523;160,005888;110,8895997;95,977;57,697;18,315;169,13;104,78;163,3;65,691;54,081;72,552;141,95
524;0;49,6355252;88,468;45,528;25,739;175,34;113,4;175,17;41,178;74,137;63,351;153,37
525;109,8954147;138,879293;90,527;45,685;33,403;147,54;113,68;171,14;15,151;81,57;57,537;136,95
526;108,0187692;19,97544867;83,888;37,947;60,402;177,14;97,127;171,14;7,756;96,418;47,736;124,87
527;239,5200847;78,55463746;88,76;17,714;77,742;177,79;120,69;167,1;7,756;64,843;46,135;113,34
528;101,7371448;109,1145476;106,86;14,24;80,283;177,79;152,31;138,4;7,756;25,169;29,63;68,093
529;75,45061612;177,3049964;127,93;14,24;107,21;177,79;140,9;139;7,756;10,527;46,637;75,607
530;120,0385804;174,3699254;143,68;10,767;121,18;177,79;121,12;119,64;7,756;0,7607;47,136;103,45
531;120,6382911;92,34656179;103,56;39,452;96,949;177,79;103,88;104,03;7,756;15,548;36,725;99,723
532;110,0927126;145,6301536;94,822;35,868;82,591;177,79;120,43;102,07;7,756;15,548;3,5686;72,648
533;69,3751694;75,89829648;96,626;30,828;100,35;178,44;137,21;104,31;0,3609;15,548;7,0404;92,864
534;32,53439719;130,9129936;84,782;33,355;120,17;108,52;160,71;123,16;24,225;15,548;16,25;109,13
535;124,8800216;201,1464606;91,248;30,576;97,942;90,625;186,19;134,82;40,453;15,548;34,713;116
536;25,3178458;102,6685381;100,44;45,36;59,484;111,23;193,01;142,55;56,772;15,548;91,317;109,18
537;43,95893936;77,05995836;111,21;77,629;70,541;101,43;172,16;173,72;62,286;30,336;120,59;83,196
538;185,7629531;65,88805246;97,433;113,51;126,78;79,651;166,18;184,71;89,235;64,865;116,08;62,447
539;80,7558083;134,0123973;78,203;122,25;161,83;84,034;174,8;195,7;114,74;61,101;102,43;56,645
540;97,47069668;168,7781687;79,198;150,66;191,98;121,97;187,2;163,61;127,83;67,996;113,29;55,663
541;159,8793397;212,928077;102,98;146,32;195,04;111,44;159,03;151,9;175,7;57,038;130,47;93,825
542;87,88333966;96,91656393;103,23;124,11;195,04;97,483;146,9;168,37;195,79;27,462;134,03;141,45
543;167,6519427;103,0200114;107,14;137,86;195,04;131,88;154,73;177,99;165,9;19,807;120,21;151,72
544;85,18604171;58,45842253;88,37;158,16;195,04;136,27;143,74;182,13;150,07;27,629;91,488;173,03
545;166,6581119;184,1615236;104,67;145,15;198,1;136,17;112,23;168,54;127,35;50,762;67,081;179,55
546;143,6500751;89,66487145;115,51;151,38;182,84;180,01;106,35;129,35;88,862;30,929;32,565;158,47
547;93,10909504;67,38871997;110,6;176,07;169,27;188,51;106,79;107,37;58,7;18,156;27,745;158,59
548;53,9481615;216,2074841;98,708;180,9;169,6;182,39;108,31;113,91;31,708;12,417;50,917;150,13
549;43,30350192;139,243342;74,111;134,05;161,13;142,9;107,97;115,02;18,279;35,711;47,183;146,34
550;89,68587124;134,005197;80,607;104,63;148,47;143,18;113,91;128,51;35,857;31,043;55,198;145,75
551;79,60151866;37,57801647;118,46;95,875;158,29;127,73;138,27;128,4;65,13;54,784;70,169;151,4
552;81,36954111;118,1932503;135,15;68,883;135,15;113,75;121,46;147,79;106,44;67,847;85,266;127,74
553;164,9027141;123,0180412;133,03;47,251;116,46;99,38;112,81;179,94;155,09;65,33;101,95;130,29
554;88,02817136;32,72430703;105,73;49,539;114,97;119,34;111,71;166,18;194,75;61,5;99,173;126,62
555;174,5107346;81,2455107;112,38;93,19;94,587;147,47;99,143;151,21;177,57;60,73;109,04;101,79
556;73,99279295;71,21438051;147,2;155,96;129,22;167,93;80,645;105,57;151;66,409;86,038;62,823
557;164,2439437;123,4501161;163,67;171,39;148,73;184,22;94,475;61,248;113,78;48,793;97,818;50,673
558;74,5549709;37,50007961;168,03;186,41;184,15;161,55;130,32;74,52;121,04;28,676;122,71;65,377
559;116,4846677;154,8754992;178,31;188,44;199,05;135,05;116,79;52,283;127,27;28,676;145,01;104,29
560;164,1342694;193,8429839;178,31;142,53;183,93;110,79;67,182;50,255;116,37;8,5586;165,74;153,01
561;81,0516635;76,87974687;178,31;104,67;196,43;123,09;83,951;48,803;132,24;22,479;164,37;184,65
562;79,59376891;93,40298864;178,31;108,57;186,59;140,68;106,78;24,228;134,42;28,312;139,89;169,01
563;226,0934367;122,2615615;178,31;129,19;186,59;168,27;119,56;12,949;108,79;50,301;99,748;141,63
564;162,94961;161,2721114;178,31;133,76;186,59;150,15;127,39;12,949;106,67;51,301;61,095;124,75
565;79,96976938;123,1229929;178,31;156,63;186,59;133,93;107,46;12,949;86,999;70,577;54,499;130,07
566;144,8264442;116,1245812;178,31;177,67;186,59;139,26;100,34;1,6707;82,089;78,573;31,061;127,58
567;84,28542193;66,85259294;188,58;198,72;186,59;149,25;82,196;35,322;69,925;48,067;21,67;120,71
568;148,2431012;80,92615711;181,63;191,4;176,74;157,78;62,022;60,229;34,751;4,3859;19,513;105,26
569;190,8409441;128,2395719;169,84;155,07;167,38;154,43;61,921;61,478;58,659;5,2749;22,23;111,36
570;9,619059884;188,12963;171,67;95,119;167,4;175,48;55,067;69,686;53,949;6,1639;22,23;138,12
571;167,6211841;125,7200401;167,19;83,781;131,06;177,42;51,246;110,24;60,089;12,036;22,23;126,22
572;193,3680668;26,35236176;143,49;96,103;116,15;177,77;45,338;131,71;69,661;13,623;22,23;85,088
573;108,7382794;118,1413818;110,72;95,598;150,04;196,43;58,467;116,98;61,474;15,796;22,23;71,084
574;210,6654026;88,73123808;110,29;85,293;148,63;181,69;63,89;100,06;57,445;11,593;24,947;96,215
575;115,2132509;80,22292347;96,21;65,986;152,44;145,37;64,733;115,95;34,383;7,3897;32,47;95,586
576;31,66281892;81,61543487;94,4;71,13;170,46;131,74;96,433;130,5;50,323;27,871;56,474;95,231
577;0;44,62306388;67,976;49,15;190,82;144,61;139,01;113,9;62,802;38,724;111,23;104,88
578;85,88557596;75,9249578;45,215;34,652;199,47;162,7;148,66;119,08;69,612;78,155;96,294;121,52
579;148,7025982;49,96274355;67,886;76,793;190,77;158,35;168,32;159,1;103,61;78,594;62,998;152,82
580;124,934464;73,45209844;86,247;98,788;178,99;173,52;185,78;173,37;154,02;88,14;68,078;140,56
581;130,7066234;100,4571521;104,5;114,53;184,87;157,81;160,89;155,22;177,44;107,26;63,108;139,16
582;71,26486498;103,6530226;103,15;157,56;178,66;119,59;183,92;109,22;164,27;107,02;47,549;179,44
583;114,5301081;81,81324087;119,73;180;162,42;120,27;179,86;87,69;141,38;92,626;20,813;186,95
584;7,570056204;85,34375714;161,29;169,01;184,33;136,54;183,23;83,84;138,84;72,34;13,406;193,03
585;60,28460008;95,77654031;176,87;161,89;186,99;155,66;174,16;76,95;129,59;73,755;24,018;193,03
586;56,76241422;119,5538035;176,87;182,32;186,99;155,78;166,03;50,195;119,87;91,856;19,042;193,03
587;137,0737333;165,6613484;176,87;191,65;186,99;153,59;138,42;20,811;118,64;86,864;16,919;193,03
588;105,0403965;128,6150429;192,44;171,66;186,99;176,67;121,03;30,652;131,02;69,987;14,797;199,1
589;36,5582379;77,8362637;179,62;155,29;186,99;148,61;121,04;37,092;166,96;50,249;51,181;193,56
590;105,318505;127,37888;172,54;153,21;186,99;108,62;146,15;32,079;169,19;12,123;82,464;193,56
591;64,50136774;80,14017018;188,77;139,77;186,99;80,432;154,67;43,089;154,69;21,568;92,58;193,56
592;65,88805078;0;182,46;130,07;186,99;67,74;161,86;58,516;142,95;21,568;95,151;188,02
593;157,7389653;0;151,86;111,2;189,65;56,614;182,11;54,127;140,82;21,568;105,39;153,3
594;112,6951662;0;125,3;90,645;186,52;73,812;181,99;43,156;158,36;21,568;100,42;122,34
595;129,7917708;80,61087339;117,04;66,032;171,8;76,835;158,93;62,99;166,24;21,568;85,203;89,645
596;158,9281934;59,19095437;104,42;58,89;154,85;69,052;150,09;66,04;170,23;21,568;101,84;62,839
597;116,7054616;53,56101874;81,162;64,46;155,46;60,024;134,29;50,152;154,3;31,014;94,388;78,203
598;138,9412713;96,16680172;70,726;41,371;153,15;86,165;147,12;60,172;154,72;41,199;123,55;73,819
599;146,8678566;56,98704;58,853;54,74;112,79;122,01;105,9;104,77;147,46;39,543;143,05;91,605
600;176,1265196;58,58115816;101,7;101,06;72,341;115,96;87,794;123,99;149,98;56,269;157,95;124,69
601;134,4416352;128,0290051;121,47;104,99;39,637;92,607;115,47;109,31;134,4;76,036;162,69;126,97
602;190,6239612;137,7007583;110,06;87,173;46,051;70,486;114,03;102,86;89,32;56,282;150,48;109,28
603;107,2465091;230,3387241;91,905;66,976;49,392;90,591;93,02;94,407;52,337;72,204;150,58;113,02
604;103,0178354;110,8248153;73,735;46,381;56,522;113,97;84,515;105,29;27,593;75,785;159,49;121,91
605;207,9700793;97,15591182;60,898;53,313;88,439;100,03;103,94;119,07;21,046;80,918;168,49;118,49
606;75,30729723;61,73849811;39,85;61,389;114,37;61,488;107,11;168,19;21,046;87,007;145,44;114,28
607;105,7187024;82,95810554;31,042;85,175;112,13;39,579;87,88;154,19;21,046;73,902;136,73;102,18
608;161,0820248;91,06024846;17,328;82,941;112,45;48,05;75,151;135,4;21,046;24,336;132,84;110,84
609;114,878524;0;44,707;64,116;143,94;34,817;33,426;107,24;21,046;36,348;155,21;105,93
610;190,1860067;79,47797308;81,003;58,134;126,18;38,941;29,967;114,97;21,046;54,939;155,39;102,66
611;167,9372924;135,8643456;75,761;34,553;106,76;43,37;77,235;129,02;21,046;49,758;134,76;116,47
612;123,3842173;61,9271987;84,521;31,788;101,87;52,121;128,82;145,3;21,046;60,687;140,12;103,49
613;59,2280877;121,5670691;111,98;20,826;95,362;43,748;116,98;126,78;21,046;52,679;177,21;81,001
614;139,8917659;149,4106646;95,463;21,864;86,969;41,555;121,01;114,56;21,046;76,134;191,29;58,779
615;22,93273043;154,2098464;37,796;10,459;73,115;42,635;129,9;114,29;21,046;99,685;194,17;58,928
616;120,5584805;137,3931407;16,333;6,5942;86,008;33,605;148,81;67,198;14,5;94,831;194,17;60,309
617;154,3963282;0;5,2505;2,7299;101,42;42,757;167,18;16,919;28,557;69,206;194,17;56,774
618;118,6725019;62,2849053;23,581;9,3824;103,58;50,971;141,01;11,363;76,062;45,588;194,17;86,232
619;158,6706299;144,3735204;40,015;4,3355;114,2;66,715;151,34;11,363;67,009;25,389;194,17;71,915
620;228,2225751;115,9918298;70,835;20,046;110,99;43,903;179,01;5,8063;61,894;40,923;194,17;26,714
621;161,3259469;94,16184773;94,127;20,046;121,3;9,9268;179,71;7,4644;80,37;38,299;194,17;0,9347
622;121,9050468;118,3574432;94,59;20,046;101,46;41,476;179,71;9,1224;98,499;10,762;194,17;19,165
623;144,3896904;157,1740723;115,89;20,046;105,49;58,211;180,4;29,062;127,78;13,044;194,17;8,5501
624;131,4191213;102,5011615;96,672;35,757;164,61;46,461;156,58;40,811;141,59;26,594;194,17;6,0274
625;27,00658979;51,40687922;60,747;57,08;167,25;31,369;131,97;48,681;143,23;56,155;194,17;22,273
626;80,90532682;83,80086656;42,96;55,387;148,18;34,709;119,37;29,189;143,03;47,212;194,17;9,3221
627;179,3712695;82,25378318;57,649;31,317;122,25;52,335;139,25;31,173;159,32;30,26;194,17;26,739
628;103,2749477;144,1077361;98,666;46,054;127,97;50,523;160,48;33,835;166,97;21,662;194,17;26,739
629;140,8353966;116,9792313;100,5;52,342;154,08;50,348;149,72;44,971;183,23;33,151;194,17;26,739
630;45,49999552;124,5511025;91,179;27,834;161,63;42,116;153,16;74,945;159,91;44,522;197,05;26,739
631;109,7610045;102,1687624;88,675;28,092;150,68;67,954;145,53;123,69;154,21;33,375;195,04;26,739
632;141,907517;73,6030393;103,31;48,477;123,08;80,456;131,97;123,76;165,41;20,823;195,15;44,155
633;24,19910271;97,31391252;84,767;36,576;118,37;87,897;99,495;78,343;171,6;24,68;195,15;78,015
634;126,7455579;106,0255108;98,623;26,242;97,047;78,639;89,971;68,833;174,43;9,6309;195,15;82,889
635;94,97940689;15,59514487;83,425;16,686;87,72;100,68;73,069;62,055;166,7;9,2155;195,15;100,47
636;49,51791404;103,9067409;93,803;21,849;99,976;107,3;83,833;75,372;143,13;9,2155;195,15;99,233
637;103,6380087;145,8347162;103,28;39,913;93,869;74,844;107,51;91,854;119,42;9,2155;195,15;86,72
638;0;87,7200356;110,44;71,495;115,69;65,838;108,22;74,382;142,12;9,2155;195,15;97,798
639;0;181,9442812;137,47;108,62;132,58;43,417;117,86;54,736;152,02;8,8;195,15;111,64
640;35,27460016;125,2774744;144,66;114,85;123,84;52,804;109,88;64,576;145,18;34,85;195,27;84,065
641;46,45806677;70,35070208;143,08;121,94;98,761;99,075;102,51;82,491;157,54;83,452;175,17;68,358
642;35,50806036;85,26905818;140,78;145,65;85,244;90,781;92,282;87,458;187,01;124,39;142,88;64,414
643;2,364332628;78,47887877;155,71;169,38;106,44;73,067;67,517;84,441;191,31;100,31;85,549;82,164
644;123,1836854;107,3927455;162,82;161,5;83,893;81,292;65,95;71,875;191,31;93,641;74,64;112,88
645;10,23897678;136,152438;151,99;168,17;77,004;92,313;77,489;66,662;191,31;91,65;77,633;119,61
646;112,503131;77,54304561;121,71;180,31;76,912;132,79;104,78;103,98;191,31;87,012;68,421;101,34
647;153,1140006;119,5629413;96,633;158,7;105,59;132,49;112,13;115,57;195,62;79,323;68,129;97,648
648;105,7563928;192,1861634;52,383;148,27;106,01;94,216;108,72;135,08;180,64;59,714;86,65;104,47
649;111,4765256;146,0534731;56,356;169,36;80,103;84,202;90,344;121,22;199,75;44,452;100,03;98,744
650;83,2005766;140,1048087;63,524;166,19;56,477;64,425;44,902;147,81;185,69;71,538;112,52;78,379
651;16,92943334;48,2608005;42,019;136,29;66,788;43,548;9,4412;146,67;185,69;82,06;93,416;55,128
652;103,2608849;63,97456598;46,484;134,03;64,417;55,338;21,542;116,77;171,62;67,211;118,73;51,62
653;163,5395127;107,4728929;41,441;122,24;79,684;85,183;10,54;88,526;170,92;90,922;145,88;74,298
654;210,184696;88,25371485;16,235;88,548;85,511;97,116;39,991;83,938;187,37;119,9;144,98;95,605
655;80,07762545;2,887286829;9,0001;129,88;81,408;95,542;62,236;89,129;184,84;128,93;151,35;122,55
656;8,250635812;9,082303471;9,0001;187,26;45,948;98,331;84,172;109,92;181,23;129,53;166,01;140,01
657;115,8708495;151,356606;9,0001;192,18;10,676;113,39;99,659;90,784;167,19;137,98;162,29;112,96
658;128,4659546;51,43486135;9,0001;192,18;39,361;70,099;100,81;81,33;136,08;135,91;137,99;61,766
659;92,27297212;210,2773082;9,0001;192,18;78,907;24,913;108,63;80,531;124,11;126,7;102,93;34,58
660;36,95526262;0;9,0001;192,18;97,445;18,538;83,355;91,59;148,29;122,48;112,02;13,971
661;227,349956;119,0207638;1,7651;197,11;126,18;16,727;65,502;96,211;135,75;116,97;112,44;32,811
662;0;93,92506246;21,182;178,24;136,74;41,452;58,482;81,473;106,11;122,68;112,27;72,91
663;75,29167725;51,54059869;18,054;173;123,72;19,688;81,289;100,47;71,697;82,079;110,62;79,943
664;26,59246455;116,5321903;3,2265;151,05;120,43;37,975;77,792;126,94;68,916;50,832;72,18;93,857
665;67,72230502;49,43423898;3,1606;131,55;150,13;88,463;77,911;106,74;82,754;36,252;68,061;110,74
666;124,9610851;142,037859;3,1606;123,89;145,92;98,147;77,488;61,635;84,239;20,713;94,596;141,82
667;114,1728785;97,63467579;3,1606;106,2;116,56;98,242;88,258;67,755;38,388;5,1728;98,51;149,16
668;63,24589551;2,084305953;3,1606;112,11;87,795;91,975;143,57;75,879;31,308;20,259;93,523;154,42
669;152,5102116;0;3,1606;94,17;45,114;93,859;159,47;73,655;24,228;13,949;99,754;151,46
670;143,2336355;77,99552413;3,0946;104,79;37,21;99,237;138,02;64,826;90,342;38,363;86,397;127,81
671;144,7328531;158,0551527;16,808;107,02;37,21;103,03;125,25;67,253;121,25;55,772;45,609;115,35
672;80,3520991;104,0354802;12,363;116,71;29,306;78,633;100,67;80,771;111,61;17,297;40,312;154,72
673;168,8048456;96,9280128;7,918;;72,8;59,878;65,207;82,402;94,623;14,724;53,265;147,84
674;145,5324252;132,4042046;20,268;;80,255;38,926;31,141;86,445;67,877;14,724;26,32;132,92
675;256,4163484;15,85919109;19,435;;103,43;28,471;51,529;83,692;42,881;14,724;45,013;116,34
676;169,6975783;173,7104812;48,498;;129,93;50,23;100,62;98,308;20,102;14,724;67,144;147,63
677;175,3052992;43,83433516;53,335;;123,63;66,184;131,33;116,54;41,733;14,724;85,509;170,33
678;109,0687296;96,0048232;18,597;;109,34;74,201;135,64;134,86;47,173;14,724;116,33;181,94
679;28,58683982;73,53011986;12,579;;98,505;84,993;85,003;122,18;29,095;12,151;145,69;190,76
680;83,61672515;102,265163;8,135;;98,655;53,887;80,076;148,9;15,44;0,6549;168,4;181,57
681;60,42248501;0;3,6911;;104,77;21,926;96,219;155,13;24,436;14,433;157,67;181,57
682;72,05186498;179,2281141;26,934;;128,5;6,4602;113,65;121,01;55,166;17,689;130,07;181,57
683;139,1983136;124,4553694;9,5228;;140,78;0,9192;113;115,14;75,275;12,836;116,36;172,39
684;72,48331616;206,4459397;12,942;;130,71;33,673;88,135;142,07;95,825;5,4258;104,06;130,11
685;52,18321187;173,223557;32,985;;88,029;30,754;92,475;137,92;91,712;9,9437;99,596;113,68
686;81,3303367;94,53291727;52,07;;52,191;10,221;92,794;91,018;122,2;9,9437;87,025;102,26
687;96,236794;41,30323802;92,772;;45,391;47,932;85,628;77,894;138,02;9,9437;94,417;107,19
688;130,4500658;0;98,625;;30,18;83,214;72,51;93,238;137,24;9,9437;99,514;149,02
689;48,73184017;94,84037441;103,28;;25,718;77,109;86,58;101,89;129,21;9,9437;117,7;163,76
690;124,9290483;106,1629092;88,902;;34,722;71,994;99,258;87,007;136,26;9,9437;118,67;146,17
691;110,5712049;152,4559542;56,663;;32,741;82,086;86,434;93,665;138,75;9,9437;101,01;154,01
692;185,3531269;40,63497138;35,698;;53,019;84,231;86,911;116,99;140,6;9,9437;98,378;151,78
693;93,09977081;138,3986557;12,272;;58,628;60,798;109,56;133,34;159,07;14,462;103,24;163,21
694;97,82128133;97,89006935;16,856;;77,768;69,772;134,05;119,51;171,77;46,808;132,76;165,46
695;35,60865092;50,56353347;39,4;;67,843;62,399;137,04;118,07;156,23;85,31;158,6;155,03
696;22,77423901;137,2430632;53,81;;81,427;48;129,08;154,58;129,68;73,646;117,41;149,02
697;124,5204991;108,7666642;53,614;;83,2;59,957;110,51;173,75;128,8;50,547;97,753;136,52
698;90,92065613;80,72409027;46,892;;76,76;70,414;121;144,93;123,29;45,207;103,77;128,93
699;136,1146433;199,0183646;33,545;;84,566;64,538;144,08;119,93;95,571;52,4;91,053;104,13
700;52,33031579;128,0074065;44,433;;82,398;45,565;149,45;116,54;89,361;71,698;79,703;94,617
701;220,4007398;87,71466278;64,233;;85,872;30,476;119,63;88,26;68,942;60,443;55,467;94,13
702;113,223842;109,4276184;65,574;;151,32;30,476;122,93;44,445;62,488;65,933;13,069;78,856
703;168,711996;98,76457121;43,945;;178,56;30,476;124,2;25,434;82,806;51,19;17,384;65,517
704;92,27478804;103,6112109;35,882;;195,74;30,476;120,89;3,4723;117,74;29,078;21,699;38,341
705;96,13988351;119,2911046;33,206;;191,66;30,476;104,59;4,6266;116,53;14,408;39,722;27,231
706;147,2931139;60,09299026;85,885;;187,59;30,476;118,52;5,7809;98,38;0,8418;36,786;6,5377
707;139,2354063;49,25666003;107,73;;189,28;30,476;109;32,304;60,496;9,2506;51,944;6,9271
708;38,67469991;114,0863383;108,28;;198,86;30,476;116,03;76,295;52,92;9,2506;82,329;7,3165
709;13,92841916;199,4551339;85,87;;182,23;30,476;154,99;66,832;74,342;9,2506;120,93;46,051
710;40,01793383;76,70797748;67,642;;182,23;30,476;194,68;51,566;43,523;9,2506;144,68;72,362
711;20,94360071;37,17745819;54,018;;165,61;30,476;174,95;39,209;53,031;17,659;129,76;82,983
712;109,4642353;80,53145155;52,375;;137,97;30,476;171,04;63,08;61,98;28,445;116;86,603
713;81,21494447;66,78517057;44,302;;106,37;30,476;180,29;98,882;73,728;41,56;113,53;49,452
714;83,80935602;75,55870679;64,583;;86,715;30,476;183,53;101,92;57,774;62,752;137,78;31,37
715;24,23221224;120,5190071;59,86;;101,01;30,476;194,57;92,9;73,067;61,127;171,04;58,541
716;152,6640457;86,6097261;63,661;;106,6;30,476;185,16;73,858;83,363;42,261;168,33;111,57
717;132,2546667;60,60621623;104,32;;114,96;30,476;146,09;75,832;85,196;62,225;142,77;148,66
718;100,512651;69,03905303;140,35;;127,33;15,388;143,71;42,792;128,87;79,684;118,07;134,37
719;167,1608071;19,82833973;159,17;;139,78;29,899;153,58;56,688;138,5;86,552;102,7;107,92
720;53,4512321;45,75681469;172,01;;162,8;29,885;137,39;73,252;109,52;87,81;90,747;103,94
721;130,7720176;14,76193434;170,99;;164,44;;155,75;;94,655;116,02;;136,52
722;126,796472;64,99478958;186,51;;155,98;;153,2;;85,679;94,657;;128,93
723;126,845265;33,12450658;174,42;;143,78;;150,91;;82,646;102,95;;104,13
724;62,13516394;54,28911892;139,45;;118,43;;161,91;;61,046;133,22;;94,617
725;125,5004149;76,99734544;86,865;;110,31;;183,25;;54,644;150,25;;94,13
726;74,99710202;26,66533179;101,29;;107,75;;195,09;;58,137;136,66;;78,856
727;52,10323097;92,80571309;118,86;;120,45;;187,53;;52,837;94,843;;65,517
728;33,69390882;112,9507516;117,34;;123,07;;178,01;;52,36;92,494;;38,341
729;168,1589384;39,949065;116,62;;125,69;;181,75;;55,833;96,764;;27,231
730;55,13334726;156,2696648;108,81;;155,49;;195,66;;51,319;67,976;;6,5377
731;95,51516934;5,068096143;126,03;;154,1;;179,17;;63,834;75,988;;6,9271
732;33,37087672;71,94949909;143,85;;152,37;;147,04;;54,678;106,36;;7,3165
733;88,062392;10,74757151;142,64;;132,5;;117,47;;18,303;96,921;;46,051
734;40,67244623;74,59087858;107,78;;116,63;;155,66;;1,2511;74,206;;72,362
735;20,30383043;19,75070928;126,52;;108,32;;184,25;;17,145;90,178;;82,983
736;45,02295394;61,69924275;146,08;;117,42;;171,21;;15,347;81,024;;86,603
737;93,0939687;52,41042325;171,52;;152,93;;158,33;;19,967;81,309;;49,452
738;86,36913318;27,52989503;173,52;;187,03;;142,72;;32,283;60,639;;31,37
739;222,5538675;125,5333495;129,58;;179,98;;100,76;;9,1877;41,73;;58,541
740;71,5836069;205,8979725;103,88;;172,22;;86,244;;9,17;90,637;;111,57
741;90,88806332;218,3963523;109,81;;174,96;;78,299;;9,17;114,21;;148,66
742;11,73107178;66,32805519;101,22;;199,03;;79,127;;9,17;105,72;;134,37
743;77,24704018;91,31383567;106,69;;187,5;;46,896;;9,1522;110,46;;107,92
744;25,61140079;67,80816767;135,76;;164,52;;33,36;;45,885;121,27;;103,94
